{"cameraMode":{"drawMode":0,"name":"Shaded","section":"Shading Mode"},"sceneLighting":true,"audioPlay":false,"sceneViewState":{"showFog":true,"showMaterialUpdate":false,"showSkybox":true,"showFlares":true,"showImageEffects":true,"showParticleSystems":true},"in2DMode":false,"pivot":{"x":2.3568596839904787,"y":-0.5793607234954834,"z":-0.6563420295715332},"rotation":{"x":-0.03336293250322342,"y":0.9665883183479309,"z":-0.17470118403434754,"w":-0.18459029495716096},"size":3.3152787685394289,"orthographic":false}