{"cameraMode":{"drawMode":0,"name":"Shaded","section":"Shading Mode"},"sceneLighting":true,"audioPlay":false,"sceneViewState":{"showFog":true,"showMaterialUpdate":false,"showSkybox":true,"showFlares":true,"showImageEffects":true,"showParticleSystems":true},"in2DMode":false,"pivot":{"x":-0.5715866088867188,"y":-5.073807716369629,"z":7.192431449890137},"rotation":{"x":-0.20911329984664918,"y":0.7702746391296387,"z":-0.31285855174064639,"w":-0.5148484706878662},"size":10.0,"orthographic":false}