{"cameraMode":{"drawMode":0,"name":"Shaded","section":"Shading Mode"},"sceneLighting":true,"audioPlay":false,"sceneViewState":{"showFog":true,"showMaterialUpdate":false,"showSkybox":true,"showFlares":true,"showImageEffects":true,"showParticleSystems":true},"in2DMode":false,"pivot":{"x":-56.7119140625,"y":31.8193359375,"z":-85.64453125},"rotation":{"x":0.11470726877450943,"y":0.24037419259548188,"z":-0.028618287295103074,"w":0.9634569883346558},"size":19.866641998291017,"orthographic":true}