{"cameraMode":{"drawMode":0,"name":"Shaded","section":"Shading Mode"},"sceneLighting":true,"audioPlay":false,"sceneViewState":{"showFog":true,"showMaterialUpdate":false,"showSkybox":true,"showFlares":true,"showImageEffects":true,"showParticleSystems":true},"in2DMode":false,"pivot":{"x":-0.3163480758666992,"y":-1.875718116760254,"z":1.993790626525879},"rotation":{"x":-0.1275067925453186,"y":0.8602113723754883,"z":-0.2621501088142395,"w":-0.41839683055877688},"size":8.21970272064209,"orthographic":false}