{"cameraMode":{"drawMode":0,"name":"Shaded","section":"Shading Mode"},"sceneLighting":true,"audioPlay":false,"sceneViewState":{"showFog":true,"showMaterialUpdate":false,"showSkybox":true,"showFlares":true,"showImageEffects":true,"showParticleSystems":true},"in2DMode":false,"pivot":{"x":5.203351974487305,"y":-4.309810638427734,"z":-5.241606712341309},"rotation":{"x":-0.06948838382959366,"y":0.9064935445785523,"z":-0.38252225518226626,"w":-0.1646733283996582},"size":8.106844902038575,"orthographic":false}