{"cameraMode":{"drawMode":0,"name":"Shaded","section":"Shading Mode"},"sceneLighting":true,"audioPlay":false,"sceneViewState":{"showFog":true,"showMaterialUpdate":false,"showSkybox":true,"showFlares":true,"showImageEffects":true,"showParticleSystems":true},"in2DMode":false,"pivot":{"x":-13.560510635375977,"y":0.43602871894836428,"z":14.113897323608399},"rotation":{"x":0.006000464782118797,"y":-0.009000398218631745,"z":0.00006230826693354174,"w":0.9999579787254334},"size":20.21342658996582,"orthographic":true}