{"cameraMode":{"drawMode":0,"name":"Shaded","section":"Shading Mode"},"sceneLighting":true,"audioPlay":false,"sceneViewState":{"showFog":true,"showMaterialUpdate":false,"showSkybox":true,"showFlares":true,"showImageEffects":true,"showParticleSystems":true},"in2DMode":false,"pivot":{"x":15.897978782653809,"y":-3.592064380645752,"z":-24.20810317993164},"rotation":{"x":0.014995690435171128,"y":-0.022495660930871965,"z":0.00033744468237273395,"w":0.999634861946106},"size":12.452430725097657,"orthographic":true}