{"cameraMode":{"drawMode":0,"name":"Shaded","section":"Shading Mode"},"sceneLighting":true,"audioPlay":false,"sceneViewState":{"showFog":true,"showMaterialUpdate":false,"showSkybox":true,"showFlares":true,"showImageEffects":true,"showParticleSystems":true},"in2DMode":false,"pivot":{"x":-0.023355424404144288,"y":0.8770761489868164,"z":-6.182009220123291},"rotation":{"x":-0.07953912019729614,"y":0.8313397765159607,"z":-0.12335791438817978,"w":-0.5360336303710938},"size":1.4176595211029053,"orthographic":false}