{"cameraMode":{"drawMode":1,"name":"Wireframe","section":"Shading Mode"},"sceneLighting":true,"audioPlay":false,"sceneViewState":{"showFog":true,"showMaterialUpdate":false,"showSkybox":true,"showFlares":true,"showImageEffects":true,"showParticleSystems":true},"in2DMode":false,"pivot":{"x":-28.667882919311525,"y":14.187095642089844,"z":-34.19282531738281},"rotation":{"x":0.7310755848884583,"y":-0.0010234432993456722,"z":0.0010966128902509809,"w":0.682295024394989},"size":34.22754669189453,"orthographic":false}