{"cameraMode":{"drawMode":0,"name":"Shaded","section":"Shading Mode"},"sceneLighting":true,"audioPlay":false,"sceneViewState":{"showFog":true,"showMaterialUpdate":false,"showSkybox":true,"showFlares":true,"showImageEffects":true,"showParticleSystems":true},"in2DMode":false,"pivot":{"x":-6.947347640991211,"y":-0.3554830551147461,"z":12.850929260253907},"rotation":{"x":0.023938089609146119,"y":-0.07042134553194046,"z":0.0016904376680031419,"w":0.9972289204597473},"size":96.35041809082031,"orthographic":false}