{"cameraMode":{"drawMode":1,"name":"Wireframe","section":"Shading Mode"},"sceneLighting":true,"audioPlay":false,"sceneViewState":{"showFog":true,"showMaterialUpdate":false,"showSkybox":true,"showFlares":true,"showImageEffects":true,"showParticleSystems":true},"in2DMode":false,"pivot":{"x":-29.100000381469728,"y":2.700000047683716,"z":-6.899999618530273},"rotation":{"x":0.08872638642787934,"y":-0.6033782958984375,"z":0.06779979169368744,"w":0.7896004915237427},"size":22.649906158447267,"orthographic":true}